demo_index,seed,total_reward,steps,successful_landing
0,20042,-893.7523130042496,127,0
1,20043,-301.0461016322308,112,0
2,20044,-273.33112051622334,109,0
