demo_index,seed,total_reward,steps,successful_landing
0,20042,-893.7523130042496,127,0
1,20043,-558.6430642473124,75,0
2,20044,-474.31351900476204,78,0
