demo_index,seed,total_reward,steps,successful_landing
0,20042,273.10382769770246,322,1
1,20043,272.1294212559088,415,1
2,20044,286.8293987815547,322,1
