demo_index,seed,total_reward,steps
0,1042,-140.32787416291765,66
1,1043,-104.92496345431226,66
2,1044,-119.97935679594578,108
