demo_index,seed,total_reward,steps,successful_landing
0,20042,47.47611078203221,174,0
1,20043,4.24103540647981,115,0
2,20044,308.7133555095378,180,1
