demo_index,seed,total_reward,steps
0,1042,-83.13136094588519,75
1,1043,-82.28981401916221,78
2,1044,-122.48125937054151,99
